time,max_disp_x,max_disp_y,max_force_x,max_force_y,max_moment_z,min_disp_x,min_disp_y,min_moment_z
0,0,0,0,0,0,0,0,0
1,0.0039323573085939,0,7236.5933525611,9767.5554588375,14627.445155489,-0.00024207000148046,-0.018442579788275,-11830.946566886
