time,max_disp_x,max_disp_y,max_force_x,max_force_y,max_moment_z,min_disp_x,min_disp_y,min_moment_z
0,0,0,0,0,0,0,0,0
1,0.0035056917793357,0,9028.4076688141,13419.835918784,19445.394897873,-0.0017829393008118,-0.02559093920991,-18020.91971158
