time,max_disp_x,max_disp_y,max_force_x,max_force_y,max_moment_z,min_disp_x,min_disp_y,min_moment_z
0,0,0,0,0,0,0,0,0
1,0.0033518358746773,0,8239.1889952614,12260.886449868,17759.289091505,-0.0017324137395385,-0.024619951432015,-16483.004592696
