time,max_disp_x,max_disp_y,max_force_x,max_force_y,max_moment_z,min_disp_x,min_disp_y,min_moment_z
0,0,0,0,0,0,0,0,0
1,0.0057220668827176,0,15548.156989392,23454.639149272,33820.98271829,-0.0035508346527955,-0.045245957769724,-31943.175226822
