time,max_disp_x,max_disp_y,max_force_x,max_force_y,max_moment_z,min_disp_x,min_disp_y,min_moment_z
0,0,0,0,0,0,0,0,0
1,0.0031499025034886,0,8116.8747432408,12148.689958179,17563.335221341,-0.001762403849964,-0.023874020471563,-16422.827638627
