time,max_disp_x,max_disp_y,max_force_x,max_force_y,max_moment_z,min_disp_x,min_disp_y,min_moment_z
0,0,0,0,0,0,0,0,0
1,0.0056817276309798,0,13105.897594646,19057.500496813,27817.292419934,-0.0020822062116603,-0.0370447620005,-25041.491450353
