time,max_disp_x,max_disp_y,max_force_x,max_force_y,max_moment_z,min_disp_x,min_disp_y,min_moment_z
0,0,0,0,0,0,0,0,0
1,0.0034893174085656,0,7760.6625848669,11104.772702273,16297.385663848,-0.00096964223580293,-0.021054061142074,-14352.282641322
