time,max_disp_x,max_disp_y,max_force_x,max_force_y,max_moment_z,min_disp_x,min_disp_y,min_moment_z
0,0,0,0,0,0,0,0,0
1,0.0030010186667505,0,7581.5596503614,11290.484654552,16349.768879672,-0.0015669055687306,-0.022129899116638,-15189.122334007
