time,max_disp_x,max_disp_y,max_force_x,max_force_y,max_moment_z,min_disp_x,min_disp_y,min_moment_z
0,0,0,0,0,0,0,0,0
1,0.003238851117183,0,7837.1237813774,11468.150314534,16704.170310227,-0.0013101771265895,-0.02179345016551,-15164.859164889
