time,max_disp_x,max_disp_y,max_force_x,max_force_y,max_moment_z,min_disp_x,min_disp_y,min_moment_z
0,0,0,0,0,0,0,0,0
1,0.0043921610753457,0,8645.0185515003,11543.309476129,17352.880894628,-0.00017339428717213,-0.019741722406323,-13802.518133505
