time,max_disp_x,max_disp_y,max_force_x,max_force_y,max_moment_z,min_disp_x,min_disp_y,min_moment_z
0,0,0,0,0,0,0,0,0
1,0.0035192857747554,0,7839.1300723281,11302.867779687,16545.363378304,-0.0011205675570191,-0.02201740058498,-14724.185581275
