time,max_disp_x,max_disp_y,max_force_x,max_force_y,max_moment_z,min_disp_x,min_disp_y,min_moment_z
0,0,0,0,0,0,0,0,0
1,0.0043578698831196,0,12858.890939091,19718.899349955,28282.44165353,-0.0032297276814699,-0.036683094858984,-27266.644153272
