time,max_disp_x,max_disp_y,max_force_x,max_force_y,max_moment_z,min_disp_x,min_disp_y,min_moment_z
0,0,0,0,0,0,0,0,0
1,0.0041133528733198,0,8142.6934989757,11343.885652351,16801.500639997,-0.00062957961874822,-0.022001672696876,-14246.056114468
