time,max_disp_x,max_disp_y,max_force_x,max_force_y,max_moment_z,min_disp_x,min_disp_y,min_moment_z
0,0,0,0,0,0,0,0,0
1,0.0054139421812326,0,10346.067517713,14029.637154899,20975.774338746,-0.00038736590969679,-0.025869322326457,-17086.558789676
