time,max_disp_x,max_disp_y,max_force_x,max_force_y,max_moment_z,min_disp_x,min_disp_y,min_moment_z
0,0,0,0,0,0,0,0,0
1,0.0049100687756395,0,11667.718000461,17048.332282962,24844.35910379,-0.0019415948168544,-0.032793801029709,-22510.556274408
