time,max_disp_x,max_disp_y,max_force_x,max_force_y,max_moment_z,min_disp_x,min_disp_y,min_moment_z
0,0,0,0,0,0,0,0,0
1,0.003410927585215,0,7520.4945851503,10789.446614726,15820.499759782,-0.00099459420602721,-0.020837534057776,-13982.997612235
