time,max_disp_x,max_disp_y,max_force_x,max_force_y,max_moment_z,min_disp_x,min_disp_y,min_moment_z
0,0,0,0,0,0,0,0,0
1,0.0037075055088508,0,7977.2228412211,11318.432874585,16658.882206407,-0.00087362770222712,-0.021510961647352,-14498.505460554
