time,max_disp_x,max_disp_y,max_force_x,max_force_y,max_moment_z,min_disp_x,min_disp_y,min_moment_z
0,0,0,0,0,0,0,0,0
1,0.0045796625922514,0,7418.5048229474,9508.9465153113,14506.392711956,0,-0.017681537882056,-10796.035559419
