time,max_disp_x,max_disp_y,max_force_x,max_force_y,max_moment_z,min_disp_x,min_disp_y,min_moment_z
0,0,0,0,0,0,0,0,0
1,0.0050042171347275,0,11162.104173926,15975.098468583,23443.498827454,-0.0013957693926433,-0.030223026076977,-20651.202142578
