time,max_disp_x,max_disp_y,max_force_x,max_force_y,max_moment_z,min_disp_x,min_disp_y,min_moment_z
0,0,0,0,0,0,0,0,0
1,0.0029223878837135,0,7607.2097907545,11359.324947625,16434.790413378,-0.001583822299008,-0.021868194431453,-15321.48893764
