time,max_disp_x,max_disp_y,max_force_x,max_force_y,max_moment_z,min_disp_x,min_disp_y,min_moment_z
0,0,0,0,0,0,0,0,0
1,0.0042003858244141,0,11184.115353268,16771.432516484,24231.212754951,-0.0024116002746912,-0.032173098198888,-22713.171590384
