time,max_disp_x,max_disp_y,max_force_x,max_force_y,max_moment_z,min_disp_x,min_disp_y,min_moment_z
0,0,0,0,0,0,0,0,0
1,0.010740894076822,0,14069.681701365,16050.769158578,25589.303513265,0,-0.028451322814605,-19433.677930893
