time,max_disp_x,max_disp_y,max_force_x,max_force_y,max_moment_z,min_disp_x,min_disp_y,min_moment_z
0,0,0,0,0,0,0,0,0
1,0.0045075075448391,0,9632.4094006875,13546.613543478,19998.818981423,-0.00087593651702961,-0.025130780032802,-17188.943543523
