time,max_disp_x,max_disp_y,max_force_x,max_force_y,max_moment_z,min_disp_x,min_disp_y,min_moment_z
0,0,0,0,0,0,0,0,0
1,0.0035023438558185,0,8310.2822612585,12038.52522669,17594.389016687,-0.0012069320358857,-0.022414947414174,-15758.000749869
