time,max_disp_x,max_disp_y,max_force_x,max_force_y,max_moment_z,min_disp_x,min_disp_y,min_moment_z
0,0,0,0,0,0,0,0,0
1,0.0037619710390162,0,7894.0496014998,11105.150754287,16392.826909827,-0.00073610759366966,-0.021001890380954,-14095.559367189
