time,max_disp_x,max_disp_y,max_force_x,max_force_y,max_moment_z,min_disp_x,min_disp_y,min_moment_z
0,0,0,0,0,0,0,0,0
1,0.003874012184181,0,9631.7832109528,14249.299785306,20679.608940365,-0.001842764650458,-0.027579961260377,-19047.167088087
