time,max_disp_x,max_disp_y,max_force_x,max_force_y,max_moment_z,min_disp_x,min_disp_y,min_moment_z
0,0,0,0,0,0,0,0,0
1,0.0047594808634379,0,7984.753881275,10322.931582064,15699.137585758,0,-0.018951295620105,-11853.109764752
