time,max_disp_x,max_disp_y,max_force_x,max_force_y,max_moment_z,min_disp_x,min_disp_y,min_moment_z
0,0,0,0,0,0,0,0,0
1,0.0029096373915638,0,4811.4021587625,6208.3421462157,9448.2673419117,0,-0.011505010389724,-7110.69788007
