time,max_disp_x,max_disp_y,max_force_x,max_force_y,max_moment_z,min_disp_x,min_disp_y,min_moment_z
0,0,0,0,0,0,0,0,0
1,0.0049783090663547,0,13154.363075787,19953.99580899,28720.966326052,-0.0032855154609396,-0.040195461805466,-27317.048236882
