time,max_disp_x,max_disp_y,max_force_x,max_force_y,max_moment_z,min_disp_x,min_disp_y,min_moment_z
0,0,0,0,0,0,0,0,0
1,0.0047235638869815,0,12111.395452924,18225.552665992,26301.885552351,-0.0028420030977553,-0.03689394100055,-24764.390890389
