time,max_disp_x,max_disp_y,max_force_x,max_force_y,max_moment_z,min_disp_x,min_disp_y,min_moment_z
0,0,0,0,0,0,0,0,0
1,0.0046207881163267,0,9267.6546375514,13077.770098075,19284.299423742,-0.00096945921213405,-0.026154780630029,-16654.670444022
