time,max_disp_x,max_disp_y,max_force_x,max_force_y,max_moment_z,min_disp_x,min_disp_y,min_moment_z
0,0,0,0,0,0,0,0,0
1,0.0024385105804593,0,5814.4877655922,8397.4831539251,12285.556455025,-0.00079864985938295,-0.01537771656105,-10957.916915761
