time,max_disp_x,max_disp_y,max_force_x,max_force_y,max_moment_z,min_disp_x,min_disp_y,min_moment_z
0,0,0,0,0,0,0,0,0
1,0.0046770904090672,0,8988.89146639,12482.556407619,18508.560088661,-0.0006530866794546,-0.024672517666184,-15620.288011835
