time,max_disp_x,max_disp_y,max_force_x,max_force_y,max_moment_z,min_disp_x,min_disp_y,min_moment_z
0,0,0,0,0,0,0,0,0
1,0.0030075021851949,0,7323.2084613427,10669.460859426,15563.556433853,-0.0011367130996701,-0.019798409446863,-14047.091839376
