time,max_disp_x,max_disp_y,max_force_x,max_force_y,max_moment_z,min_disp_x,min_disp_y,min_moment_z
0,0,0,0,0,0,0,0,0
1,0.0039414593056303,0,9299.9376434067,13530.856273979,19746.565551104,-0.0014575957782821,-0.025770428843706,-17789.682811323
