time,max_disp_x,max_disp_y,max_force_x,max_force_y,max_moment_z,min_disp_x,min_disp_y,min_moment_z
0,0,0,0,0,0,0,0,0
1,0.0053951194222232,0,11564.98091168,16456.956182825,24197.807138084,-0.001348363767051,-0.031725436127518,-21146.209308712
