time,max_disp_x,max_disp_y,max_force_x,max_force_y,max_moment_z,min_disp_x,min_disp_y,min_moment_z
0,0,0,0,0,0,0,0,0
1,0.010463070368831,0,10636.886486645,10624.569158529,17881.936963855,0,-0.017890405025825,-16156.099793336
