time,max_disp_x,max_disp_y,max_force_x,max_force_y,max_moment_z,min_disp_x,min_disp_y,min_moment_z
0,0,0,0,0,0,0,0,0
1,0.004686588803042,0,10191.971060794,14746.502732677,21560.921737718,-0.0015828312272898,-0.02981738473577,-19278.782410625
