time,max_disp_x,max_disp_y,max_force_x,max_force_y,max_moment_z,min_disp_x,min_disp_y,min_moment_z
0,0,0,0,0,0,0,0,0
1,0.0028193134570136,0,7598.3898098982,11537.832370808,16601.562205282,-0.0018814673012535,-0.022851586054302,-15810.278497581
