time,max_disp_x,max_disp_y,max_force_x,max_force_y,max_moment_z,min_disp_x,min_disp_y,min_moment_z
0,0,0,0,0,0,0,0,0
1,0.0092504532506547,0,10451.210553581,11408.331844203,18509.428824942,0,-0.021291722001283,-14934.44494638
