time,max_disp_x,max_disp_y,max_force_x,max_force_y,max_moment_z,min_disp_x,min_disp_y,min_moment_z
0,0,0,0,0,0,0,0,0
1,0.0029547251799647,0,6314.0962257459,8920.6837950707,13148.893574701,-0.00063648834232495,-0.016815412796245,-11375.283623777
