time,max_disp_x,max_disp_y,max_force_x,max_force_y,max_moment_z,min_disp_x,min_disp_y,min_moment_z
0,0,0,0,0,0,0,0,0
1,0.0042237191905862,0,8606.1668682008,11787.57093097,17561.994012146,-0.00039744440803692,-0.021024022579066,-14523.10470361
