time,max_disp_x,max_disp_y,max_force_x,max_force_y,max_moment_z,min_disp_x,min_disp_y,min_moment_z
0,0,0,0,0,0,0,0,0
1,0.0043696647534607,0,9759.3699862173,14074.542025036,20601.126562979,-0.0013963985335272,-0.027365332106398,-18338.81431234
