time,max_disp_x,max_disp_y,max_force_x,max_force_y,max_moment_z,min_disp_x,min_disp_y,min_moment_z
0,0,0,0,0,0,0,0,0
1,0.0025876078907747,0,5804.3288009034,8332.2498764498,12215.073240193,-0.00076261916172727,-0.015852268403969,-10805.150476229
