time,max_disp_x,max_disp_y,max_force_x,max_force_y,max_moment_z,min_disp_x,min_disp_y,min_moment_z
0,0,0,0,0,0,0,0,0
1,0.0035145307306118,0,9422.028346007,14210.344159039,20492.334653821,-0.0021758814758762,-0.027768926139749,-19349.493062173
