time,max_disp_x,max_disp_y,max_force_x,max_force_y,max_moment_z,min_disp_x,min_disp_y,min_moment_z
0,0,0,0,0,0,0,0,0
1,0.0040460436306888,0,10626.722771839,16044.183874396,23128.869174964,-0.0025348097556491,-0.032094916643205,-21868.206423926
