time,max_disp_x,max_disp_y,max_force_x,max_force_y,max_moment_z,min_disp_x,min_disp_y,min_moment_z
0,0,0,0,0,0,0,0,0
1,0.0034854623874372,0,9224.5961218786,13759.117407467,19914.157585779,-0.0018602541467403,-0.025923996484569,-18538.48751103
