time,max_disp_x,max_disp_y,max_force_x,max_force_y,max_moment_z,min_disp_x,min_disp_y,min_moment_z
0,0,0,0,0,0,0,0,0
1,0.0043824891619944,0,11359.704896559,16918.776022548,24499.214063532,-0.0022917083959632,-0.032336269194381,-22763.297835306
