time,max_disp_x,max_disp_y,max_force_x,max_force_y,max_moment_z,min_disp_x,min_disp_y,min_moment_z
0,0,0,0,0,0,0,0,0
1,0.0038000700196537,0,10451.278874405,16067.045853202,23025.981604283,-0.0028904072389172,-0.032301300759045,-22267.607072832
