time,max_disp_x,max_disp_y,max_force_x,max_force_y,max_moment_z,min_disp_x,min_disp_y,min_moment_z
0,0,0,0,0,0,0,0,0
1,0.004137933293731,0,7785.354829402,10741.357645399,15962.663921233,-0.00046951098230422,-0.02123410542219,-13344.163467494
