time,max_disp_x,max_disp_y,max_force_x,max_force_y,max_moment_z,min_disp_x,min_disp_y,min_moment_z
0,0,0,0,0,0,0,0,0
1,0.0053529958814449,0,14096.643557436,20927.143252938,30336.039782092,-0.0026751249163775,-0.038816253952535,-28068.199251677
