time,max_disp_x,max_disp_y,max_force_x,max_force_y,max_moment_z,min_disp_x,min_disp_y,min_moment_z
0,0,0,0,0,0,0,0,0
1,0.0043454967753461,0,11757.440748814,17574.625103303,25418.538327112,-0.0023884539447951,-0.032700377039112,-23728.051294057
