time,max_disp_x,max_disp_y,max_force_x,max_force_y,max_moment_z,min_disp_x,min_disp_y,min_moment_z
0,0,0,0,0,0,0,0,0
1,0.0035756128874319,0,8086.4974958923,11696.575943813,17103.370050306,-0.001201465083545,-0.022715314340316,-15286.702612305
