time,max_disp_x,max_disp_y,max_force_x,max_force_y,max_moment_z,min_disp_x,min_disp_y,min_moment_z
0,0,0,0,0,0,0,0,0
1,0.0058047935603343,0,14927.481558869,22285.016250499,32244.662458485,-0.0031359753102837,-0.043382320726805,-30051.403954593
