time,max_disp_x,max_disp_y,max_force_x,max_force_y,max_moment_z,min_disp_x,min_disp_y,min_moment_z
0,0,0,0,0,0,0,0,0
1,0.0043464699287623,0,9535.1572866404,13620.168800697,20000.809788139,-0.0011690637936017,-0.026013251000746,-17571.233780999
