time,max_disp_x,max_disp_y,max_force_x,max_force_y,max_moment_z,min_disp_x,min_disp_y,min_moment_z
0,0,0,0,0,0,0,0,0
1,0.002894571477994,0,6471.4589598757,9162.5396617042,13495.53068924,-0.00065265761318605,-0.016632912053894,-11710.398071471
