time,max_disp_x,max_disp_y,max_force_x,max_force_y,max_moment_z,min_disp_x,min_disp_y,min_moment_z
0,0,0,0,0,0,0,0,0
1,0.003041853020084,0,7704.8059372287,11325.266346434,16471.335523741,-0.0013168308685891,-0.02094170867279,-15042.912059317
