time,max_disp_x,max_disp_y,max_force_x,max_force_y,max_moment_z,min_disp_x,min_disp_y,min_moment_z
0,0,0,0,0,0,0,0,0
1,0.0038460897884841,0,9882.4058954849,14531.144544469,21131.487382496,-0.0016735876713561,-0.026525686191224,-19307.769937496
