time,max_disp_x,max_disp_y,max_force_x,max_force_y,max_moment_z,min_disp_x,min_disp_y,min_moment_z
0,0,0,0,0,0,0,0,0
1,0.0032776204378156,0,6956.4577957749,9933.0356109715,14588.200977248,-0.00087541537842714,-0.019582454154496,-12809.528867504
