time,max_disp_x,max_disp_y,max_force_x,max_force_y,max_moment_z,min_disp_x,min_disp_y,min_moment_z
0,0,0,0,0,0,0,0,0
1,0.0047191172060445,0,7882.3652286352,10352.946112348,15655.255784809,-4.0014857391948e-05,-0.019918088248021,-12130.258660633
