time,max_disp_x,max_disp_y,max_force_x,max_force_y,max_moment_z,min_disp_x,min_disp_y,min_moment_z
0,0,0,0,0,0,0,0,0
1,0.0037283444479326,0,7908.2758058834,11339.515359547,16630.177413928,-0.0010763211648504,-0.02271722622256,-14687.43581848
