time,max_disp_x,max_disp_y,max_force_x,max_force_y,max_moment_z,min_disp_x,min_disp_y,min_moment_z
0,0,0,0,0,0,0,0,0
1,0.0051182012276245,0,8108.597082356,10142.185817906,15612.180996648,0,-0.018146003321004,-11136.162817189
