time,max_disp_x,max_disp_y,max_force_x,max_force_y,max_moment_z,min_disp_x,min_disp_y,min_moment_z
0,0,0,0,0,0,0,0,0
1,0.0039069735644038,0,7266.3656436842,10079.968746329,14951.542490679,-0.0005287013016153,-0.020517545681564,-12599.047027529
