time,max_disp_x,max_disp_y,max_force_x,max_force_y,max_moment_z,min_disp_x,min_disp_y,min_moment_z
0,0,0,0,0,0,0,0,0
1,0.0041350397735535,0,8358.4823005199,11701.478084642,17301.986214424,-0.00071962101002186,-0.022593555841297,-14774.145368218
