time,max_disp_x,max_disp_y,max_force_x,max_force_y,max_moment_z,min_disp_x,min_disp_y,min_moment_z
0,0,0,0,0,0,0,0,0
1,0.020814281341543,0,24138.97431935,15335.116280356,27336.34951229,0,-0.024297681533545,-28644.852665799
