time,max_disp_x,max_disp_y,max_force_x,max_force_y,max_moment_z,min_disp_x,min_disp_y,min_moment_z
0,0,0,0,0,0,0,0,0
1,0.0027343844297598,0,5628.2036759574,7899.2424697116,11669.746590146,-0.00050649886774233,-0.015108580691865,-10001.125892951
