time,max_disp_x,max_disp_y,max_force_x,max_force_y,max_moment_z,min_disp_x,min_disp_y,min_moment_z
0,0,0,0,0,0,0,0,0
1,0.0024743520646829,0,7173.8106996924,10862.07580364,15643.804693558,-0.0016003696173986,-0.019840140987124,-14844.778657238
