time,max_disp_x,max_disp_y,max_force_x,max_force_y,max_moment_z,min_disp_x,min_disp_y,min_moment_z
0,0,0,0,0,0,0,0,0
1,0.0034050115709679,0,8649.7557313611,12772.191216166,18547.62688372,-0.0015758784927139,-0.024000716691068,-17040.974720273
