time,max_disp_x,max_disp_y,max_force_x,max_force_y,max_moment_z,min_disp_x,min_disp_y,min_moment_z
0,0,0,0,0,0,0,0,0
1,0.003984961301712,0,10337.792617681,15232.172543588,22135.703553101,-0.0017877130966119,-0.027778121254481,-20280.53011733
