time,max_disp_x,max_disp_y,max_force_x,max_force_y,max_moment_z,min_disp_x,min_disp_y,min_moment_z
0,0,0,0,0,0,0,0,0
1,0.0030057652551095,0,6974.374419243,9912.5374979649,14581.098983516,-0.00073334206697473,-0.017577042542573,-12720.740004167
