time,max_disp_x,max_disp_y,max_force_x,max_force_y,max_moment_z,min_disp_x,min_disp_y,min_moment_z
0,0,0,0,0,0,0,0,0
1,0.0052426059577144,0,12022.897505437,17459.188836199,25495.83629433,-0.0018800632662879,-0.033955530226754,-22910.083933032
