time,max_disp_x,max_disp_y,max_force_x,max_force_y,max_moment_z,min_disp_x,min_disp_y,min_moment_z
0,0,0,0,0,0,0,0,0
1,0.0039952149707244,0,8272.2347917874,11604.163315656,17146.166920997,-0.00073085482071178,-0.022024749445188,-14683.609764355
