time,max_disp_x,max_disp_y,max_force_x,max_force_y,max_moment_z,min_disp_x,min_disp_y,min_moment_z
0,0,0,0,0,0,0,0,0
1,0.0047104291405451,0,10318.404362656,14829.085598253,21731.101234841,-0.0014165876417739,-0.02901262577032,-19252.737253298
