time,max_disp_x,max_disp_y,max_force_x,max_force_y,max_moment_z,min_disp_x,min_disp_y,min_moment_z
0,0,0,0,0,0,0,0,0
1,0.0050332843333806,0,11292.349189463,16155.705502698,23711.427117342,-0.0013945540947457,-0.030347442283282,-20876.844089939
