time,max_disp_x,max_disp_y,max_force_x,max_force_y,max_moment_z,min_disp_x,min_disp_y,min_moment_z
0,0,0,0,0,0,0,0,0
1,0.0095395402543721,0,15059.767947583,18994.047299654,29148.443050586,0,-0.034800636915426,-21098.65005352
