time,max_disp_x,max_disp_y,max_force_x,max_force_y,max_moment_z,min_disp_x,min_disp_y,min_moment_z
0,0,0,0,0,0,0,0,0
1,0.0030314850407634,0,7892.4578612292,11749.919564782,17016.779000851,-0.0015761687524802,-0.02231810817558,-15802.587352323
