time,max_disp_x,max_disp_y,max_force_x,max_force_y,max_moment_z,min_disp_x,min_disp_y,min_moment_z
0,0,0,0,0,0,0,0,0
1,0.0040322700424347,0,11168.718355051,16814.196599336,24261.696857764,-0.0024399558371768,-0.031570681358339,-22855.934867119
