time,max_disp_x,max_disp_y,max_force_x,max_force_y,max_moment_z,min_disp_x,min_disp_y,min_moment_z
0,0,0,0,0,0,0,0,0
1,0.0031104407384768,0,5344.4306051003,6930.6662596161,10528.470704974,0,-0.012524085666325,-7989.7241088973
