time,max_disp_x,max_disp_y,max_force_x,max_force_y,max_moment_z,min_disp_x,min_disp_y,min_moment_z
0,0,0,0,0,0,0,0,0
1,0.0054259611896804,0,8159.4467294805,9899.8347539292,15413.472170957,0,-0.017389450954319,-10696.757363212
