time,max_disp_x,max_disp_y,max_force_x,max_force_y,max_moment_z,min_disp_x,min_disp_y,min_moment_z
0,0,0,0,0,0,0,0,0
1,0.0025889343008686,0,5224.1435550289,7195.8413900712,10699.81402166,-0.00027833589281536,-0.013193644633976,-8922.9241210231
