time,max_disp_x,max_disp_y,max_force_x,max_force_y,max_moment_z,min_disp_x,min_disp_y,min_moment_z
0,0,0,0,0,0,0,0,0
1,0.004104331214361,0,11258.134897056,17070.781896098,24574.183432105,-0.0026969195912183,-0.033088912217067,-23361.256467114
