time,max_disp_x,max_disp_y,max_force_x,max_force_y,max_moment_z,min_disp_x,min_disp_y,min_moment_z
0,0,0,0,0,0,0,0,0
1,0.0033930143022573,0,7123.1386413084,10072.794369787,14842.499184655,-0.00074526391783912,-0.019388537052777,-12856.823486783
