time,max_disp_x,max_disp_y,max_force_x,max_force_y,max_moment_z,min_disp_x,min_disp_y,min_moment_z
0,0,0,0,0,0,0,0,0
1,0.0048585656554631,0,9545.385618058,13243.417751896,19642.850615828,-0.00066044575475964,-0.025531134334213,-16555.821099472
