time,max_disp_x,max_disp_y,max_force_x,max_force_y,max_moment_z,min_disp_x,min_disp_y,min_moment_z
0,0,0,0,0,0,0,0,0
1,0.0044664862656894,0,7848.3485345336,10144.881010708,15429.295448183,0,-0.017773833334569,-11646.12134113
