time,max_disp_x,max_disp_y,max_force_x,max_force_y,max_moment_z,min_disp_x,min_disp_y,min_moment_z
0,0,0,0,0,0,0,0,0
1,0.0040140739713367,0,8903.0930598855,12674.437761865,18633.429860674,-0.0010115873558525,-0.023650318694671,-16293.156242318
