time,max_disp_x,max_disp_y,max_force_x,max_force_y,max_moment_z,min_disp_x,min_disp_y,min_moment_z
0,0,0,0,0,0,0,0,0
1,0.0030682259319113,0,6742.2323403303,9654.1432453941,14165.127592899,-0.00086355423702081,-0.018573227924509,-12486.403139897
