time,max_disp_x,max_disp_y,max_force_x,max_force_y,max_moment_z,min_disp_x,min_disp_y,min_moment_z
0,0,0,0,0,0,0,0,0
1,0.0051888989063177,0,11567.178980512,16750.806707055,24484.254370271,-0.0017779925284691,-0.033153234096188,-21918.531299522
