time,max_disp_x,max_disp_y,max_force_x,max_force_y,max_moment_z,min_disp_x,min_disp_y,min_moment_z
0,0,0,0,0,0,0,0,0
1,0.0047059939477756,0,10459.248387026,15047.969655484,22043.694156183,-0.0014428913026248,-0.029136953375111,-19559.061599926
