time,max_disp_x,max_disp_y,max_force_x,max_force_y,max_moment_z,min_disp_x,min_disp_y,min_moment_z
0,0,0,0,0,0,0,0,0
1,0.0043670833635143,0,12300.403870413,18645.96949653,26844.188929489,-0.002860786481835,-0.035170019026509,-25510.249965983
