time,max_disp_x,max_disp_y,max_force_x,max_force_y,max_moment_z,min_disp_x,min_disp_y,min_moment_z
0,0,0,0,0,0,0,0,0
1,0.0044603813437225,0,11969.350611081,17937.868538014,25921.737211548,-0.0025396010322129,-0.034047816933999,-24278.567830326
