time,max_disp_x,max_disp_y,max_force_x,max_force_y,max_moment_z,min_disp_x,min_disp_y,min_moment_z
0,0,0,0,0,0,0,0,0
1,0.0059175666504791,0,17469.830410682,26861.331892555,38493.401440784,-0.0045087473231286,-0.050333137990767,-37233.218516331
