time,max_disp_x,max_disp_y,max_force_x,max_force_y,max_moment_z,min_disp_x,min_disp_y,min_moment_z
0,0,0,0,0,0,0,0,0
1,0.0042287505247665,0,9328.5896263128,13400.825321496,19640.925980591,-0.0012620642643909,-0.025992812855793,-17390.684765135
