time,max_disp_x,max_disp_y,max_force_x,max_force_y,max_moment_z,min_disp_x,min_disp_y,min_moment_z
0,0,0,0,0,0,0,0,0
1,0.0040867707093266,0,8807.3584837068,12445.237309726,18342.98847414,-0.00088345287005711,-0.023274963751736,-15872.411376528
