time,max_disp_x,max_disp_y,max_force_x,max_force_y,max_moment_z,min_disp_x,min_disp_y,min_moment_z
0,0,0,0,0,0,0,0,0
1,0.0035179966155814,0,8280.3333901361,11963.562117485,17500.367356055,-0.0011600834760395,-0.022228441291354,-15617.758180961
