time,max_disp_x,max_disp_y,max_force_x,max_force_y,max_moment_z,min_disp_x,min_disp_y,min_moment_z
0,0,0,0,0,0,0,0,0
1,0.0033556420837555,0,8881.0733544968,13193.618896047,19121.067231661,-0.0016935770950564,-0.024423996186311,-17707.758270364
