time,max_disp_x,max_disp_y,max_force_x,max_force_y,max_moment_z,min_disp_x,min_disp_y,min_moment_z
0,0,0,0,0,0,0,0,0
1,0.005912128716107,0,13519.508629536,19258.640100286,28307.102495886,-0.0015086399492527,-0.034936138526826,-24773.89349743
