time,max_disp_x,max_disp_y,max_force_x,max_force_y,max_moment_z,min_disp_x,min_disp_y,min_moment_z
0,0,0,0,0,0,0,0,0
1,0.0042051443177521,0,11440.79710222,17237.949071659,24866.444386092,-0.0025724415265769,-0.033077188978935,-23450.105669325
