time,max_disp_x,max_disp_y,max_force_x,max_force_y,max_moment_z,min_disp_x,min_disp_y,min_moment_z
0,0,0,0,0,0,0,0,0
1,0.004310732629409,0,7878.6816721793,10707.949494455,15996.796290164,-0.00032984009382761,-0.020787145208532,-13075.553344833
