time,max_disp_x,max_disp_y,max_force_x,max_force_y,max_moment_z,min_disp_x,min_disp_y,min_moment_z
0,0,0,0,0,0,0,0,0
1,0.0038120691830146,0,7829.4856120859,10981.659450216,16227.08577192,-0.00069516333551574,-0.021003093394253,-13893.951270952
