time,max_disp_x,max_disp_y,max_force_x,max_force_y,max_moment_z,min_disp_x,min_disp_y,min_moment_z
0,0,0,0,0,0,0,0,0
1,0.0052523476973729,0,13729.910968781,20587.39127986,29745.262205889,-0.0030123029580704,-0.040212722592102,-27878.905407875
