time,max_disp_x,max_disp_y,max_force_x,max_force_y,max_moment_z,min_disp_x,min_disp_y,min_moment_z
0,0,0,0,0,0,0,0,0
1,0.004776818841146,0,8237.9229933033,10733.785088642,16277.901129118,-1.1915305683505e-05,-0.019571412958152,-12449.726242068
