time,max_disp_x,max_disp_y,max_force_x,max_force_y,max_moment_z,min_disp_x,min_disp_y,min_moment_z
0,0,0,0,0,0,0,0,0
1,0.0036835785797577,0,8617.2720868979,12501.574732677,18262.11779479,-0.0013003610950886,-0.023744821371451,-16388.570468097
