time,max_disp_x,max_disp_y,max_force_x,max_force_y,max_moment_z,min_disp_x,min_disp_y,min_moment_z
0,0,0,0,0,0,0,0,0
1,0.0038748598004034,0,9114.6822902281,13156.180437261,19251.281972671,-0.0012567445379735,-0.024367943126416,-17157.453599931
