time,max_disp_x,max_disp_y,max_force_x,max_force_y,max_moment_z,min_disp_x,min_disp_y,min_moment_z
0,0,0,0,0,0,0,0,0
1,0.004236145376204,0,9384.1723449565,13401.858610071,19681.5461968,-0.0011351514537532,-0.025329691112876,-17286.024096043
