time,max_disp_x,max_disp_y,max_force_x,max_force_y,max_moment_z,min_disp_x,min_disp_y,min_moment_z
0,0,0,0,0,0,0,0,0
1,0.0032725843697306,0,6204.1546562593,8487.5717314106,12650.639155557,-0.0002989589751898,-0.016210213413161,-10443.105841609
