time,max_disp_x,max_disp_y,max_force_x,max_force_y,max_moment_z,min_disp_x,min_disp_y,min_moment_z
0,0,0,0,0,0,0,0,0
1,0.0035726188170771,0,9467.1786389674,14062.007077548,20380.707611343,-0.0017989037826721,-0.025980314555575,-18870.240835631
