time,max_disp_x,max_disp_y,max_force_x,max_force_y,max_moment_z,min_disp_x,min_disp_y,min_moment_z
0,0,0,0,0,0,0,0,0
1,0.0033395667148376,0,7960.8632636594,11548.216714006,16869.990944038,-0.0011771403424375,-0.021517513308504,-15137.371802675
