time,max_disp_x,max_disp_y,max_force_x,max_force_y,max_moment_z,min_disp_x,min_disp_y,min_moment_z
0,0,0,0,0,0,0,0,0
1,0.0027128948485991,0,7019.7895123792,10420.0785814,15105.517557683,-0.0013536706685051,-0.019660630294651,-13974.287743277
