time,max_disp_x,max_disp_y,max_force_x,max_force_y,max_moment_z,min_disp_x,min_disp_y,min_moment_z
0,0,0,0,0,0,0,0,0
1,0.0049617237246874,0,9237.0228470346,12330.757594149,18538.256918211,-0.00019347425124739,-0.022280490834756,-14739.700976641
