time,max_disp_x,max_disp_y,max_force_x,max_force_y,max_moment_z,min_disp_x,min_disp_y,min_moment_z
0,0,0,0,0,0,0,0,0
1,0.0038354663298352,0,8254.5040082074,11830.568509873,17353.023175833,-0.0010980933767017,-0.023319704101404,-15316.198076535
