time,max_disp_x,max_disp_y,max_force_x,max_force_y,max_moment_z,min_disp_x,min_disp_y,min_moment_z
0,0,0,0,0,0,0,0,0
1,0.0042050713268571,0,10989.569063942,16351.864556285,23685.784990486,-0.0021698728126487,-0.03086772159163,-21980.255427566
