time,max_disp_x,max_disp_y,max_force_x,max_force_y,max_moment_z,min_disp_x,min_disp_y,min_moment_z
0,0,0,0,0,0,0,0,0
1,0.025144132601551,0,29725.432482061,17635.723183596,31759.964482311,0,-0.02762065417325,-34067.771575254
