time,max_disp_x,max_disp_y,max_force_x,max_force_y,max_moment_z,min_disp_x,min_disp_y,min_moment_z
0,0,0,0,0,0,0,0,0
1,0.0053664501570576,0,14691.221482633,21939.856544125,31741.638997937,-0.0029128927722599,-0.040181681150667,-29595.725563826
