time,max_disp_x,max_disp_y,max_force_x,max_force_y,max_moment_z,min_disp_x,min_disp_y,min_moment_z
0,0,0,0,0,0,0,0,0
1,0.0037174084445706,0,8109.9805325278,11591.842741545,17018.572191014,-0.00101200768384,-0.022314986994609,-14964.54877353
