time,max_disp_x,max_disp_y,max_force_x,max_force_y,max_moment_z,min_disp_x,min_disp_y,min_moment_z
0,0,0,0,0,0,0,0,0
1,0.0041631943701151,0,10289.004167054,15127.243422918,21999.202263642,-0.0018084320230805,-0.028695459934862,-20097.496032928
