time,max_disp_x,max_disp_y,max_force_x,max_force_y,max_moment_z,min_disp_x,min_disp_y,min_moment_z
0,0,0,0,0,0,0,0,0
1,0.0042898799072559,0,6694.8318307187,8180.2438432866,12702.434778198,0,-0.014067195858997,-8721.0270800322
