time,max_disp_x,max_disp_y,max_force_x,max_force_y,max_moment_z,min_disp_x,min_disp_y,min_moment_z
0,0,0,0,0,0,0,0,0
1,0.026443517464574,0,27704.421905001,20830.323183629,36297.569653267,0,-0.035579397191217,-35997.400250581
