time,max_disp_x,max_disp_y,max_force_x,max_force_y,max_moment_z,min_disp_x,min_disp_y,min_moment_z
0,0,0,0,0,0,0,0,0
1,0.0025756773437044,0,6058.2569897592,8720.7916664697,12772.747971773,-0.0007971079053529,-0.015987728940237,-11341.339307091
