time,max_disp_x,max_disp_y,max_force_x,max_force_y,max_moment_z,min_disp_x,min_disp_y,min_moment_z
0,0,0,0,0,0,0,0,0
1,0.0047012800886751,0,10650.908881489,15368.893605928,22491.432371258,-0.0015168719443466,-0.029521669152753,-20036.864312803
