time,max_disp_x,max_disp_y,max_force_x,max_force_y,max_moment_z,min_disp_x,min_disp_y,min_moment_z
0,0,0,0,0,0,0,0,0
1,0.0026007461575771,0,6372.1392505291,9323.7210201959,13580.999400985,-0.0010508408708875,-0.017493146713114,-12328.257199591
