time,max_disp_x,max_disp_y,max_force_x,max_force_y,max_moment_z,min_disp_x,min_disp_y,min_moment_z
0,0,0,0,0,0,0,0,0
1,0.003770907482672,0,9435.6207116511,13869.089232282,20171.185175617,-0.0016319235964161,-0.025958059392218,-18421.384853458
