time,max_disp_x,max_disp_y,max_force_x,max_force_y,max_moment_z,min_disp_x,min_disp_y,min_moment_z
0,0,0,0,0,0,0,0,0
1,0.0038668079191671,0,10587.141254661,15912.235653748,22972.736215396,-0.0022886647512902,-0.029994401353664,-21595.979678021
