time,max_disp_x,max_disp_y,max_force_x,max_force_y,max_moment_z,min_disp_x,min_disp_y,min_moment_z
0,0,0,0,0,0,0,0,0
1,0.0027104285345518,0,6321.9034771041,9227.2351239281,13451.651986348,-0.0010538297236798,-0.018004100354441,-12170.332746923
