time,max_disp_x,max_disp_y,max_force_x,max_force_y,max_moment_z,min_disp_x,min_disp_y,min_moment_z
0,0,0,0,0,0,0,0,0
1,0.0051130066407921,0,8088.268798554,10553.012768442,15995.977477302,-1.6451396872592e-05,-0.02105334379899,-12261.145792363
