time,max_disp_x,max_disp_y,max_force_x,max_force_y,max_moment_z,min_disp_x,min_disp_y,min_moment_z
0,0,0,0,0,0,0,0,0
1,0.0039902362872024,0,9932.0101786403,14781.745592586,21409.795160538,-0.002065762036419,-0.029327729412312,-19874.199236348
