time,max_disp_x,max_disp_y,max_force_x,max_force_y,max_moment_z,min_disp_x,min_disp_y,min_moment_z
0,0,0,0,0,0,0,0,0
1,0.0031505311456018,0,8166.4570828246,12193.593350399,17642.208881374,-0.0017058981265258,-0.023566774315844,-16445.695377374
