time,max_disp_x,max_disp_y,max_force_x,max_force_y,max_moment_z,min_disp_x,min_disp_y,min_moment_z
0,0,0,0,0,0,0,0,0
1,0.0034692823192744,0,8074.1414610914,11705.74311834,17103.450528274,-0.0012112910171105,-0.022289793053556,-15334.803344772
