time,max_disp_x,max_disp_y,max_force_x,max_force_y,max_moment_z,min_disp_x,min_disp_y,min_moment_z
0,0,0,0,0,0,0,0,0
1,0.0040447341761256,0,6980.7790365529,9207.5388456675,13902.186201747,-6.5219317268907e-05,-0.017345064800018,-10845.241745077
