time,max_disp_x,max_disp_y,max_force_x,max_force_y,max_moment_z,min_disp_x,min_disp_y,min_moment_z
0,0,0,0,0,0,0,0,0
1,0.0032981277453401,0,7287.4915370588,10453.36971839,15328.60356598,-0.00095872578730909,-0.020132094194675,-13545.030381114
