time,max_disp_x,max_disp_y,max_force_x,max_force_y,max_moment_z,min_disp_x,min_disp_y,min_moment_z
0,0,0,0,0,0,0,0,0
1,0.0031484328973491,0,7446.4100585986,10862.560473827,15838.576175214,-0.0012136668762074,-0.020856152074097,-14319.359437638
