time,max_disp_x,max_disp_y,max_force_x,max_force_y,max_moment_z,min_disp_x,min_disp_y,min_moment_z
0,0,0,0,0,0,0,0,0
1,0.0043654942155993,0,11035.094026339,16424.704324139,23788.850255409,-0.0022624241186089,-0.032098940096961,-22084.79101496
