time,max_disp_x,max_disp_y,max_force_x,max_force_y,max_moment_z,min_disp_x,min_disp_y,min_moment_z
0,0,0,0,0,0,0,0,0
1,0.0044049161584667,0,9130.45530497,13020.134071887,19130.630730281,-0.0011472789268959,-0.026157234209637,-16767.442012536
