time,max_disp_x,max_disp_y,max_force_x,max_force_y,max_moment_z,min_disp_x,min_disp_y,min_moment_z
0,0,0,0,0,0,0,0,0
1,0.0040272377969269,0,9745.6246487949,14353.002860627,20861.289464843,-0.0017944339888078,-0.028005626990086,-19101.268858386
