time,max_disp_x,max_disp_y,max_force_x,max_force_y,max_moment_z,min_disp_x,min_disp_y,min_moment_z
0,0,0,0,0,0,0,0,0
1,0.004354414647002,0,10310.136968715,14997.40949139,21888.394419453,-0.0016047853282049,-0.028440128665952,-19713.547505516
