time,max_disp_x,max_disp_y,max_force_x,max_force_y,max_moment_z,min_disp_x,min_disp_y,min_moment_z
0,0,0,0,0,0,0,0,0
1,0.0033955006365838,0,8063.8342922127,11590.065642998,16983.957424757,-0.0010229192475786,-0.020923411619861,-15049.012994177
