time,max_disp_x,max_disp_y,max_force_x,max_force_y,max_moment_z,min_disp_x,min_disp_y,min_moment_z
0,0,0,0,0,0,0,0,0
1,0.0053093760452765,0,14033.748270675,20891.512276416,30256.66675972,-0.0027581850571963,-0.039075364556513,-28095.559993153
