time,max_disp_x,max_disp_y,max_force_x,max_force_y,max_moment_z,min_disp_x,min_disp_y,min_moment_z
0,0,0,0,0,0,0,0,0
1,0.0026889809568489,0,5182.0616599895,7042.8155554598,10521.46436665,-0.00020562744848192,-0.012965669299783,-8599.8248119969
