time,max_disp_x,max_disp_y,max_force_x,max_force_y,max_moment_z,min_disp_x,min_disp_y,min_moment_z
0,0,0,0,0,0,0,0,0
1,0.0032275161600355,0,8151.3453565284,11937.022622122,17382.698840451,-0.0013208487449835,-0.021800900243694,-15796.844619256
