time,max_disp_x,max_disp_y,max_force_x,max_force_y,max_moment_z,min_disp_x,min_disp_y,min_moment_z
0,0,0,0,0,0,0,0,0
1,0.0041388648996234,0,11572.301553417,17600.029025618,25311.204553939,-0.0028101567168849,-0.033750599818521,-24152.902298211
