time,max_disp_x,max_disp_y,max_force_x,max_force_y,max_moment_z,min_disp_x,min_disp_y,min_moment_z
0,0,0,0,0,0,0,0,0
1,0.0048945852817994,0,11218.028413947,16236.2046909,23736.495123532,-0.0016617972270025,-0.03118858255254,-21233.180214555
