time,max_disp_x,max_disp_y,max_force_x,max_force_y,max_moment_z,min_disp_x,min_disp_y,min_moment_z
0,0,0,0,0,0,0,0,0
1,0.0043883204086863,0,11278.456292224,16747.40626715,24275.163746192,-0.00220042595696,-0.031861637533464,-22467.397072731
