time,max_disp_x,max_disp_y,max_force_x,max_force_y,max_moment_z,min_disp_x,min_disp_y,min_moment_z
0,0,0,0,0,0,0,0,0
1,0.0035135930330056,0,8214.7425790148,11841.173836316,17334.963775724,-0.0011134403311204,-0.021952624052821,-15421.049412628
