time,max_disp_x,max_disp_y,max_force_x,max_force_y,max_moment_z,min_disp_x,min_disp_y,min_moment_z
0,0,0,0,0,0,0,0,0
1,0.0038479307934121,0,8720.4816074373,12599.303038423,18430.427977933,-0.001268555612638,-0.024311333799434,-16447.425593774
