time,max_disp_x,max_disp_y,max_force_x,max_force_y,max_moment_z,min_disp_x,min_disp_y,min_moment_z
0,0,0,0,0,0,0,0,0
1,0.0030601255398106,0,7492.1308551015,10975.368654365,15980.529467711,-0.0012588194783665,-0.02070575768555,-14529.142923924
