time,max_disp_x,max_disp_y,max_force_x,max_force_y,max_moment_z,min_disp_x,min_disp_y,min_moment_z
0,0,0,0,0,0,0,0,0
1,0.0029095342170741,0,7086.8118962282,10401.402428005,15135.183289396,-0.0012318432021634,-0.019878721519973,-13795.435009181
