time,max_disp_x,max_disp_y,max_force_x,max_force_y,max_moment_z,min_disp_x,min_disp_y,min_moment_z
0,0,0,0,0,0,0,0,0
1,0.0033616259399034,0,9051.7169395045,13683.479717118,19717.605090951,-0.0021358813756841,-0.026792192422025,-18672.623916539
