time,max_disp_x,max_disp_y,max_force_x,max_force_y,max_moment_z,min_disp_x,min_disp_y,min_moment_z
0,0,0,0,0,0,0,0,0
1,0.0030638252336893,0,6627.112865775,9545.7305776514,13977.97028943,-0.0009587568069486,-0.019075815850497,-12422.324512685
