time,max_disp_x,max_disp_y,max_force_x,max_force_y,max_moment_z,min_disp_x,min_disp_y,min_moment_z
0,0,0,0,0,0,0,0,0
1,0.0052177413798428,0,13562.818934872,20365.661287631,29411.201916937,-0.0030500116805613,-0.040263615094827,-27615.777041565
