time,max_disp_x,max_disp_y,max_force_x,max_force_y,max_moment_z,min_disp_x,min_disp_y,min_moment_z
0,0,0,0,0,0,0,0,0
1,3639634.4179245,0,7523.2527021266,10436.754319629,15480.539585885,-493141.17295953,-19116982.332304,-13045.596389514
