time,max_disp_x,max_disp_y,max_force_x,max_force_y,max_moment_z,min_disp_x,min_disp_y,min_moment_z
0,0,0,0,0,0,0,0,0
1,0.0036242254284461,0,9071.7254052656,13382.356043791,19439.93486128,-0.001653976027689,-0.02541769937742,-17838.174424057
