time,max_disp_x,max_disp_y,max_force_x,max_force_y,max_moment_z,min_disp_x,min_disp_y,min_moment_z
0,0,0,0,0,0,0,0,0
1,0.0040458582994249,0,9708.9102048427,14147.663612613,20636.049274322,-0.0015332423035594,-0.026656270457452,-18629.549147914
