time,max_disp_x,max_disp_y,max_force_x,max_force_y,max_moment_z,min_disp_x,min_disp_y,min_moment_z
0,0,0,0,0,0,0,0,0
1,0.024392688846222,0,25964.873139498,26161.52318337,43869.998341423,0,-0.042868706744564,-39217.595703543
