time,max_disp_x,max_disp_y,max_force_x,max_force_y,max_moment_z,min_disp_x,min_disp_y,min_moment_z
0,0,0,0,0,0,0,0,0
1,0.0049177427568859,0,12986.244025593,19246.033189731,27914.78391474,-0.0023993052415814,-0.035340133262786,-25770.920021318
