time,max_disp_x,max_disp_y,max_force_x,max_force_y,max_moment_z,min_disp_x,min_disp_y,min_moment_z
0,0,0,0,0,0,0,0,0
1,0.010146724286622,0,11449.8203724,11909.569158521,19707.149085776,0,-0.019770811852042,-16932.27610581
