time,max_disp_x,max_disp_y,max_force_x,max_force_y,max_moment_z,min_disp_x,min_disp_y,min_moment_z
0,0,0,0,0,0,0,0,0
1,0.0043466663273388,0,8501.4792513555,11594.924992194,17300.610372702,-0.00036667611450364,-0.021261728260145,-14216.26445105
