time,max_disp_x,max_disp_y,max_force_x,max_force_y,max_moment_z,min_disp_x,min_disp_y,min_moment_z
0,0,0,0,0,0,0,0,0
1,0.003641939704923,0,9804.8286228865,14688.153558076,21228.408450198,-0.0020624574636204,-0.027739153700357,-19872.592869864
