time,max_disp_x,max_disp_y,max_force_x,max_force_y,max_moment_z,min_disp_x,min_disp_y,min_moment_z
0,0,0,0,0,0,0,0,0
1,0.0033909595586827,0,5613.6509135178,7249.1840330576,11029.158389718,0,-0.013446176796487,-8311.3100590458
