time,max_disp_x,max_disp_y,max_force_x,max_force_y,max_moment_z,min_disp_x,min_disp_y,min_moment_z
0,0,0,0,0,0,0,0,0
1,0.0042686195038684,0,10128.740131858,14802.978535725,21570.603854253,-0.0016938299089401,-0.028541923119579,-19550.202496846
