time,max_disp_x,max_disp_y,max_force_x,max_force_y,max_moment_z,min_disp_x,min_disp_y,min_moment_z
0,0,0,0,0,0,0,0,0
1,0.0044432527482673,0,10994.681569956,16406.39481105,23742.294821668,-0.0023855751535138,-0.033125347392287,-22114.486713274
