time,max_disp_x,max_disp_y,max_force_x,max_force_y,max_moment_z,min_disp_x,min_disp_y,min_moment_z
0,0,0,0,0,0,0,0,0
1,0.0034619858435631,0,6588.7926130332,8891.2315851417,13316.136536214,-0.00021150207921092,-0.016222304002956,-10766.696685464
