time,max_disp_x,max_disp_y,max_force_x,max_force_y,max_moment_z,min_disp_x,min_disp_y,min_moment_z
0,0,0,0,0,0,0,0,0
1,0.0042100469244646,0,11542.562248122,17357.146251073,25054.538576793,-0.0025090175539967,-0.032751246207476,-23568.488065757
