time,max_disp_x,max_disp_y,max_force_x,max_force_y,max_moment_z,min_disp_x,min_disp_y,min_moment_z
0,0,0,0,0,0,0,0,0
1,0.0041425975645569,0,9355.7110947738,13364.471930035,19625.013962469,-0.0011152188112972,-0.024798520873946,-17242.210663533
