time,max_disp_x,max_disp_y,max_force_x,max_force_y,max_moment_z,min_disp_x,min_disp_y,min_moment_z
0,0,0,0,0,0,0,0,0
1,0.0048179281833762,0,12184.621421151,17951.273222239,26088.172137968,-0.0021576834052704,-0.033564153871923,-23898.059918071
