time,max_disp_x,max_disp_y,max_force_x,max_force_y,max_moment_z,min_disp_x,min_disp_y,min_moment_z
0,0,0,0,0,0,0,0,0
1,0.0056064168603889,0,9321.0258782174,11990.598819113,18268.357858163,0,-0.021925844107177,-13678.449667068
