time,max_disp_x,max_disp_y,max_force_x,max_force_y,max_moment_z,min_disp_x,min_disp_y,min_moment_z
0,0,0,0,0,0,0,0,0
1,0.0033626775386408,0,7019.4025257861,9906.5990918981,14607.436694262,-0.00070768098612105,-0.019045513890292,-12618.045775366
