time,max_disp_x,max_disp_y,max_force_x,max_force_y,max_moment_z,min_disp_x,min_disp_y,min_moment_z
0,0,0,0,0,0,0,0,0
1,0.0060433683664898,0,12265.843743627,16952.253200122,25177.540719532,-0.00072708751037103,-0.031239042241348,-21100.980718707
