time,max_disp_x,max_disp_y,max_force_x,max_force_y,max_moment_z,min_disp_x,min_disp_y,min_moment_z
0,0,0,0,0,0,0,0,0
1,0.0036854942110908,0,8776.5868904246,12723.100317622,18590.436512165,-0.0012850614796332,-0.023669500867306,-16666.185336237
