time,max_disp_x,max_disp_y,max_force_x,max_force_y,max_moment_z,min_disp_x,min_disp_y,min_moment_z
0,0,0,0,0,0,0,0,0
1,0.0038479079214592,0,6068.5845442155,7640.8869699292,11733.169515431,0,-0.013954705806366,-8467.4838167753
