time,max_disp_x,max_disp_y,max_force_x,max_force_y,max_moment_z,min_disp_x,min_disp_y,min_moment_z
0,0,0,0,0,0,0,0,0
1,0.015364787097495,0,15642.159208741,14746.432699387,25044.44121586,0,-0.024606215885206,-23209.449315763
