time,max_disp_x,max_disp_y,max_force_x,max_force_y,max_moment_z,min_disp_x,min_disp_y,min_moment_z
0,0,0,0,0,0,0,0,0
1,0.0033199470093442,0,7873.6479731898,11431.551718135,16694.722488036,-0.0011867702337856,-0.021481894592104,-14997.569307936
