time,max_disp_x,max_disp_y,max_force_x,max_force_y,max_moment_z,min_disp_x,min_disp_y,min_moment_z
0,0,0,0,0,0,0,0,0
1,0.0064997100329491,0,12647.484421959,17194.824112506,25684.730723207,-0.00050200620046046,-0.031384091730369,-21004.649600597
