time,max_disp_x,max_disp_y,max_force_x,max_force_y,max_moment_z,min_disp_x,min_disp_y,min_moment_z
0,0,0,0,0,0,0,0,0
1,0.0038921145884239,0,8826.9706810493,12884.239276033,18782.568713413,-0.0015145456097528,-0.025860455278772,-16994.683952493
