time,max_disp_x,max_disp_y,max_force_x,max_force_y,max_moment_z,min_disp_x,min_disp_y,min_moment_z
0,0,0,0,0,0,0,0,0
1,0.0029361033894248,0,7080.9153926928,10250.432095557,14984.618669329,-0.0010001030813011,-0.018726819975701,-13407.853714609
