time,max_disp_x,max_disp_y,max_force_x,max_force_y,max_moment_z,min_disp_x,min_disp_y,min_moment_z
0,0,0,0,0,0,0,0,0
1,0.0027863290806016,0,7502.7283402585,11295.117660714,16298.071492221,-0.0016859637237807,-0.021815227322059,-15353.678884902
