time,max_disp_x,max_disp_y,max_force_x,max_force_y,max_moment_z,min_disp_x,min_disp_y,min_moment_z
0,0,0,0,0,0,0,0,0
1,0.0056171837604643,0,12882.184544,18572.463929988,27187.605426777,-0.0017856673531296,-0.035126447102234,-24191.914127306
