time,max_disp_x,max_disp_y,max_force_x,max_force_y,max_moment_z,min_disp_x,min_disp_y,min_moment_z
0,0,0,0,0,0,0,0,0
1,0.0025486124011227,0,6051.1212535038,8716.3455108634,12763.351278116,-0.00079797181170302,-0.015870438904,-11343.376169717
