time,max_disp_x,max_disp_y,max_force_x,max_force_y,max_moment_z,min_disp_x,min_disp_y,min_moment_z
0,0,0,0,0,0,0,0,0
1,0.0044498782559983,0,8762.2227328338,12111.994232347,17987.746720437,-0.00053829682787895,-0.023018097344936,-15078.948396027
