time,max_disp_x,max_disp_y,max_force_x,max_force_y,max_moment_z,min_disp_x,min_disp_y,min_moment_z
0,0,0,0,0,0,0,0,0
1,0.0037919552373416,0,10299.789049832,15350.619690792,22223.446878356,-0.0020017045249679,-0.028082176805915,-20666.981970334
