time,max_disp_x,max_disp_y,max_force_x,max_force_y,max_moment_z,min_disp_x,min_disp_y,min_moment_z
0,0,0,0,0,0,0,0,0
1,0.0045975929744299,0,11424.562298041,17057.562800805,24679.992905282,-0.0024878066200063,-0.034382263283283,-23004.760897232
