time,max_disp_x,max_disp_y,max_force_x,max_force_y,max_moment_z,min_disp_x,min_disp_y,min_moment_z
0,0,0,0,0,0,0,0,0
1,0.0056304026619865,0,12523.574144342,17933.595262831,26312.630340375,-0.0015866353766101,-0.034093854387591,-23196.437711758
