time,max_disp_x,max_disp_y,max_force_x,max_force_y,max_moment_z,min_disp_x,min_disp_y,min_moment_z
0,0,0,0,0,0,0,0,0
1,0.0033617146053204,0,7536.6309746027,10771.390250035,15814.496170979,-0.00091366501085941,-0.020171529752941,-13904.101670898
