time,max_disp_x,max_disp_y,max_force_x,max_force_y,max_moment_z,min_disp_x,min_disp_y,min_moment_z
0,0,0,0,0,0,0,0,0
1,0.003889587159393,0,8820.0733031786,12848.050309065,18742.568271068,-0.0014660392605681,-0.025582872829804,-16912.373180898
