time,max_disp_x,max_disp_y,max_force_x,max_force_y,max_moment_z,min_disp_x,min_disp_y,min_moment_z
0,0,0,0,0,0,0,0,0
1,0.0053251891477732,0,12658.252493303,18406.906822091,26867.488662417,-0.0019521095458563,-0.03472325220326,-24187.056442118
