time,max_disp_x,max_disp_y,max_force_x,max_force_y,max_moment_z,min_disp_x,min_disp_y,min_moment_z
0,0,0,0,0,0,0,0,0
1,0.010150449766592,0,12909.938199859,14217.569158527,22985.428912542,0,-0.02412612713761,-18326.37332697
