time,max_disp_x,max_disp_y,max_force_x,max_force_y,max_moment_z,min_disp_x,min_disp_y,min_moment_z
0,0,0,0,0,0,0,0,0
1,0.0064117745084338,0,17186.261023111,25614.884184903,37082.881869312,-0.0033861092067283,-0.047491781050414,-34487.084019814
