time,max_disp_x,max_disp_y,max_force_x,max_force_y,max_moment_z,min_disp_x,min_disp_y,min_moment_z
0,0,0,0,0,0,0,0,0
1,0.0043415647747042,0,8845.4233362745,12183.869175369,18116.730618975,-0.00046676291428857,-0.022125368783681,-15108.138865364
