time,max_disp_x,max_disp_y,max_force_x,max_force_y,max_moment_z,min_disp_x,min_disp_y,min_moment_z
0,0,0,0,0,0,0,0,0
1,0.0039688981547931,0,10049.783928844,14840.735569385,21550.930433402,-0.0018391308542039,-0.027987856521504,-19802.538741388
