time,max_disp_x,max_disp_y,max_force_x,max_force_y,max_moment_z,min_disp_x,min_disp_y,min_moment_z
0,0,0,0,0,0,0,0,0
1,0.0036734305331879,0,6545.2327280244,8645.1493733365,13046.518422984,-6.8705838968766e-05,-0.015836539912737,-10200.532688775
