time,max_disp_x,max_disp_y,max_force_x,max_force_y,max_moment_z,min_disp_x,min_disp_y,min_moment_z
0,0,0,0,0,0,0,0,0
1,3670768.0262294,0,10199.858117374,15385.800870395,22186.326098277,-2276490.0744663,-29019810.728891,-20953.037394256
