time,max_disp_x,max_disp_y,max_force_x,max_force_y,max_moment_z,min_disp_x,min_disp_y,min_moment_z
0,0,0,0,0,0,0,0,0
1,0.0033119649706397,0,7066.1616393326,10023.381700234,14753.983080369,-0.00077659966745564,-0.019195053093475,-12836.326078199
