time,max_disp_x,max_disp_y,max_force_x,max_force_y,max_moment_z,min_disp_x,min_disp_y,min_moment_z
0,0,0,0,0,0,0,0,0
1,0.0031899193448632,0,6972.372498913,9886.6761168945,14554.600029129,-0.00074228806503991,-0.018456473834954,-12656.262858608
