time,max_disp_x,max_disp_y,max_force_x,max_force_y,max_moment_z,min_disp_x,min_disp_y,min_moment_z
0,0,0,0,0,0,0,0,0
1,0.026430676232399,0,32345.293810917,13494.523183627,25877.810054931,0,-0.02056720685512,-32950.158413898
