time,max_disp_x,max_disp_y,max_force_x,max_force_y,max_moment_z,min_disp_x,min_disp_y,min_moment_z
0,0,0,0,0,0,0,0,0
1,0.0032701698736176,0,6702.9231299284,9574.6993351351,14060.090205647,-0.00087981493410372,-0.019573009545188,-12352.404854637
