time,max_disp_x,max_disp_y,max_force_x,max_force_y,max_moment_z,min_disp_x,min_disp_y,min_moment_z
0,0,0,0,0,0,0,0,0
1,0.0043910039250282,0,12326.581449392,18851.784929369,27062.380467207,-0.0031637294814354,-0.036578687738468,-26003.587172113
