time,max_disp_x,max_disp_y,max_force_x,max_force_y,max_moment_z,min_disp_x,min_disp_y,min_moment_z
0,0,0,0,0,0,0,0,0
1,0.0030383780235579,0,6132.3229137343,8421.851212478,12535.725042491,-0.00030512233049872,-0.015293733591062,-10408.212917572
