time,max_disp_x,max_disp_y,max_force_x,max_force_y,max_moment_z,min_disp_x,min_disp_y,min_moment_z
0,0,0,0,0,0,0,0,0
1,0.0058796414070502,0,12430.12657935,17496.0462,25821.830661834,-0.001165210289646,-0.032905046432192,-22220.664660138
