time,max_disp_x,max_disp_y,max_force_x,max_force_y,max_moment_z,min_disp_x,min_disp_y,min_moment_z
0,0,0,0,0,0,0,0,0
1,0.0037847573334746,0,10043.157935677,15049.718064308,21748.810645131,-0.0021520938561271,-0.028874998475122,-20367.626003074
