time,max_disp_x,max_disp_y,max_force_x,max_force_y,max_moment_z,min_disp_x,min_disp_y,min_moment_z
0,0,0,0,0,0,0,0,0
1,0.0044744756137876,0,10641.174267421,15560.70992689,22670.454387693,-0.0017911090833763,-0.030003940828633,-20562.591118222
