time,max_disp_x,max_disp_y,max_force_x,max_force_y,max_moment_z,min_disp_x,min_disp_y,min_moment_z
0,0,0,0,0,0,0,0,0
1,0.0042642981731074,0,10215.854826351,14646.602929109,21481.094783621,-0.0012284456791089,-0.02596859696207,-18968.625490973
