time,max_disp_x,max_disp_y,max_force_x,max_force_y,max_moment_z,min_disp_x,min_disp_y,min_moment_z
0,0,0,0,0,0,0,0,0
1,0.0037045745495429,0,10438.885093729,15859.516132804,22815.952932498,-0.0024867219132774,-0.030088237512378,-21743.10760359
