time,max_disp_x,max_disp_y,max_force_x,max_force_y,max_moment_z,min_disp_x,min_disp_y,min_moment_z
0,0,0,0,0,0,0,0,0
1,0.0045446367454078,0,11228.431188322,16656.046377452,24150.936021613,-0.0022460768278689,-0.03281697202446,-22322.612251022
