time,max_disp_x,max_disp_y,max_force_x,max_force_y,max_moment_z,min_disp_x,min_disp_y,min_moment_z
0,0,0,0,0,0,0,0,0
1,0.0032990932962289,0,7245.8465188452,10411.24687508,15258.082895888,-0.00098857756928016,-0.020300268319478,-13514.174144734
