time,max_disp_x,max_disp_y,max_force_x,max_force_y,max_moment_z,min_disp_x,min_disp_y,min_moment_z
0,0,0,0,0,0,0,0,0
1,0.0054447915886989,0,9585.6823574828,12901.060189664,19339.66565642,-0.00030232333473541,-0.025245428303802,-15573.199759788
