time,max_disp_x,max_disp_y,max_force_x,max_force_y,max_moment_z,min_disp_x,min_disp_y,min_moment_z
0,0,0,0,0,0,0,0,0
1,0.0054209641357313,0,15707.569058195,23874.099624928,34341.263440329,-0.0036554642428584,-0.044098890063777,-32743.691194246
