time,max_disp_x,max_disp_y,max_force_x,max_force_y,max_moment_z,min_disp_x,min_disp_y,min_moment_z
0,0,0,0,0,0,0,0,0
1,0.0030080901312364,0,8514.0189472555,13029.370774862,18700.206248526,-0.0021820421036523,-0.025120756260123,-17982.894499867
