time,max_disp_x,max_disp_y,max_force_x,max_force_y,max_moment_z,min_disp_x,min_disp_y,min_moment_z
0,0,0,0,0,0,0,0,0
1,0.0057035687580899,0,10605.868121205,14211.550379813,21337.314091725,-0.00026536343219978,-0.025991501979146,-17065.338293451
