time,max_disp_x,max_disp_y,max_force_x,max_force_y,max_moment_z,min_disp_x,min_disp_y,min_moment_z
0,0,0,0,0,0,0,0,0
1,0.0056990029239801,0,11016.165007993,15441.52861201,22822.194841406,-0.001023307568779,-0.031311844510839,-19523.092721875
